{
    "name": "Printer",
    "isOverridable": true,
    "isEnum": true,
    "automatedExpansion": false,
    "entries": [
        {
            "value": "HP LaserJet 1020",
            "synonyms": []
        },
        {
            "value": "HP C4140",
            "synonyms": []
        },
        {
            "value": "Pantum 2502W",
            "synonyms": []
        },
        {
            "value": "Canon MP560",
            "synonyms": []
        },
        {
            "value": "Brother MFC-5890CN",
            "synonyms": []
        },
        {
            "value": "Konica Minolta 200",
            "synonyms": []
        },
        {
            "value": "Panasonic MB1900CX",
            "synonyms": []
        },
        {
            "value": "Canon LBP2900B",
            "synonyms": []
        }
    ]
}