{
    "name": "UbuntuVersion",
    "isOverridable": true,
    "isEnum": true,
    "automatedExpansion": false,
    "entries": [
        {
            "value": "12.04 LTS",
            "synonyms": []
        },
        {
            "value": "13.04",
            "synonyms": []
        },
        {
            "value": "12.04 64 bit",
            "synonyms": []
        },
        {
            "value": "14.04.1",
            "synonyms": []
        },
        {
            "value": "14.04.2",
            "synonyms": []
        },
        {
            "value": "14.04",
            "synonyms": []
        },
        {
            "value": "15.04",
            "synonyms": []
        },
        {
            "value": "15.10",
            "synonyms": []
        },
        {
            "value": "12.04",
            "synonyms": []
        },
        {
            "value": "12.10",
            "synonyms": []
        },
        {
            "value": "11.10",
            "synonyms": []
        },
        {
            "value": "11.04",
            "synonyms": []
        },
        {
            "value": "9.10",
            "synonyms": []
        },
        {
            "value": "10.10",
            "synonyms": []
        },
        {
            "value": "14.04 LTS",
            "synonyms": []
        },
        {
            "value": "Ubuntu 16.04",
            "synonyms": []
        }
    ]
}