{
    "name": "Criterion",
    "isOverridable": true,
    "isEnum": true,
    "automatedExpansion": false,
    "entries": [
        {
            "value": "shortest",
            "synonyms": []
        },
        {
            "value": "cheapest",
            "synonyms": []
        },
        {
            "value": "fast",
            "synonyms": []
        },
        {
            "value": "fastest",
            "synonyms": []
        },
        {
            "value": "next",
            "synonyms": []
        }
    ]
}