{
    "name": "Vehicle",
    "isOverridable": true,
    "isEnum": true,
    "automatedExpansion": false,
    "entries": [
        {
            "value": "bus",
            "synonyms": []
        },
        {
            "value": "tram",
            "synonyms": []
        },
        {
            "value": "train",
            "synonyms": []
        },
        {
            "value": "subway",
            "synonyms": []
        },
        {
            "value": "s-bahn",
            "synonyms": []
        },
        {
            "value": "u-bahn",
            "synonyms": []
        },
        {
            "value": "rocket",
            "synonyms": []
        }
    ]
}